timestamp,step_name,duration
2025-12-22 17:54:43,retrieveMapData,7.867813110351562e-06
2025-12-22 17:54:43,tileGen,0.054060935974121094
2025-12-22 17:54:43,linkAdj,0.007834196090698242
2025-12-22 17:54:43,generationCycles,1.1563301086425781
2025-12-22 17:54:43,setTileColors,0.030915021896362305
2025-12-22 17:54:43,findLandRegionsParallel,0.0024297237396240234
2025-12-22 17:54:43,indexOceansParallel,0.0029528141021728516
2025-12-22 17:54:43,assignCoastTiles,0.0006930828094482422
2025-12-22 17:54:43,createTerritories,0.23291707038879395
2025-12-22 17:54:43,connectHarborsParallel,1.4923832416534424
2025-12-22 17:54:43,workerInit,2.9837801456451416
2025-12-22 17:54:43,dataSerialization,0.005693912506103516
2025-12-22 17:55:19,retrieveMapData,6.9141387939453125e-06
2025-12-22 17:55:19,tileGen,0.054290771484375
2025-12-22 17:55:19,linkAdj,0.008511066436767578
2025-12-22 17:55:19,generationCycles,1.0521111488342285
2025-12-22 17:55:19,setTileColors,0.029835224151611328
2025-12-22 17:55:19,findLandRegionsParallel,0.0022258758544921875
2025-12-22 17:55:19,indexOceansParallel,0.003632783889770508
2025-12-22 17:55:19,assignCoastTiles,0.0010728836059570312
2025-12-22 17:55:19,createTerritories,0.217667818069458
2025-12-22 17:55:19,connectHarborsParallel,1.660837173461914
2025-12-22 17:55:19,workerInit,3.03340482711792
2025-12-22 17:55:19,dataSerialization,0.005672931671142578
2025-12-22 17:56:27,retrieveMapData,5.9604644775390625e-06
2025-12-22 17:56:27,tileGen,0.009001016616821289
2025-12-22 17:56:27,linkAdj,0.0018057823181152344
2025-12-22 17:56:27,generationCycles,0.2558588981628418
2025-12-22 17:56:27,setTileColors,0.006963014602661133
2025-12-22 17:56:27,findLandRegionsParallel,0.0005080699920654297
2025-12-22 17:56:27,indexOceansParallel,0.0006198883056640625
2025-12-22 17:56:27,assignCoastTiles,0.00013017654418945312
2025-12-22 17:56:27,createTerritories,0.08160591125488281
2025-12-22 17:56:27,connectHarborsParallel,0.38907909393310547
2025-12-22 17:56:27,workerInit,0.7481117248535156
2025-12-22 17:56:27,dataSerialization,0.001445770263671875
2025-12-22 20:05:40,retrieveMapData,6.9141387939453125e-06
2025-12-22 20:05:40,tileGen,0.009277105331420898
2025-12-22 20:05:40,linkAdj,0.0023260116577148438
2025-12-22 20:05:40,generationCycles,0.2638988494873047
2025-12-22 20:05:40,setTileColors,0.007359981536865234
2025-12-22 20:05:40,findLandRegionsParallel,0.00043010711669921875
2025-12-22 20:05:40,indexOceansParallel,0.0007028579711914062
2025-12-22 20:05:40,assignCoastTiles,0.00013303756713867188
2025-12-22 20:05:40,createTerritories,0.11781978607177734
2025-12-22 20:05:40,connectHarborsParallel,0.6559329032897949
2025-12-22 20:05:40,workerInit,1.0621299743652344
2025-12-22 20:05:40,dataSerialization,0.0018498897552490234
2025-12-22 20:54:58,retrieveMapData,5.7220458984375e-06
2025-12-22 20:54:58,tileGen,0.009303092956542969
2025-12-22 20:54:58,linkAdj,0.0018858909606933594
2025-12-22 20:54:58,generationCycles,0.2656667232513428
2025-12-22 20:54:58,setTileColors,0.007882118225097656
2025-12-22 20:54:58,findLandRegionsParallel,0.00041174888610839844
2025-12-22 20:54:58,indexOceansParallel,0.000637054443359375
2025-12-22 20:54:58,assignCoastTiles,0.0001201629638671875
2025-12-22 20:54:58,createTerritories,0.1204531192779541
2025-12-22 20:54:58,connectHarborsParallel,0.3941690921783447
2025-12-22 20:54:58,workerInit,0.8033459186553955
2025-12-22 20:54:58,dataSerialization,0.0015759468078613281
2025-12-22 21:16:21,retrieveMapData,9.059906005859375e-06
2025-12-22 21:16:21,tileGen,0.004274845123291016
2025-12-22 21:16:21,linkAdj,0.0008189678192138672
2025-12-22 21:16:21,generationCycles,0.11314988136291504
2025-12-22 21:16:21,setTileColors,0.002904176712036133
2025-12-22 21:16:21,findLandRegionsParallel,0.00030803680419921875
2025-12-22 21:16:21,indexOceansParallel,0.0002639293670654297
2025-12-22 21:16:21,assignCoastTiles,5.2928924560546875e-05
2025-12-22 21:16:21,createTerritories,0.10509800910949707
2025-12-22 21:16:21,connectHarborsParallel,0.03507494926452637
2025-12-22 21:16:21,workerInit,0.264678955078125
2025-12-22 21:16:21,dataSerialization,0.0007278919219970703
2025-12-22 21:22:19,retrieveMapData,1.2874603271484375e-05
2025-12-22 21:22:19,tileGen,0.006443023681640625
2025-12-22 21:22:19,linkAdj,0.001138925552368164
2025-12-22 21:22:19,generationCycles,0.10828900337219238
2025-12-22 21:22:19,setTileColors,0.0031728744506835938
2025-12-22 21:22:19,findLandRegionsParallel,0.0002779960632324219
2025-12-22 21:22:19,indexOceansParallel,0.0001838207244873047
2025-12-22 21:22:19,assignCoastTiles,5.1975250244140625e-05
2025-12-22 21:22:19,createTerritories,0.09629392623901367
2025-12-22 21:22:19,connectHarborsParallel,0.1420590877532959
2025-12-22 21:22:19,workerInit,0.36035728454589844
2025-12-22 21:22:19,dataSerialization,0.0006198883056640625
2025-12-22 21:23:01,retrieveMapData,1.4165882021188736e-05
2025-12-22 21:23:01,tileGen,0.003969907760620117
2025-12-22 21:23:01,linkAdj,0.0007500648498535156
2025-12-22 21:23:01,generationCycles,0.10530495643615723
2025-12-22 21:23:01,setTileColors,0.0026769638061523438
2025-12-22 21:23:01,findLandRegionsParallel,0.0002551078796386719
2025-12-22 21:23:01,indexOceansParallel,0.00018715858459472656
2025-12-22 21:23:01,assignCoastTiles,5.2928924560546875e-05
2025-12-22 21:23:01,createTerritories,0.07047581672668457
2025-12-22 21:23:01,connectHarborsParallel,0.07873106002807617
2025-12-22 21:23:01,workerInit,0.264801025390625
2025-12-22 21:23:01,dataSerialization,0.000614166259765625
2025-12-22 21:25:33,retrieveMapData,2.3167114704847336e-05
2025-12-22 21:25:33,tileGen,0.004149913787841797
2025-12-22 21:25:33,linkAdj,0.0008392333984375
2025-12-22 21:25:33,generationCycles,0.11982107162475586
2025-12-22 21:25:33,setTileColors,0.0030112266540527344
2025-12-22 21:25:33,findLandRegionsParallel,0.00036406517028808594
2025-12-22 21:25:33,indexOceansParallel,0.00024509429931640625
2025-12-22 21:25:33,assignCoastTiles,6.914138793945312e-05
2025-12-22 21:25:33,createTerritories,0.05767822265625
2025-12-22 21:25:33,connectHarborsParallel,0.10756134986877441
2025-12-22 21:25:33,workerInit,0.29626011848449707
2025-12-22 21:25:33,dataSerialization,0.0006678104400634766
2025-12-22 22:04:56,retrieveMapData,1.8999911844730377e-05
2025-12-22 22:04:56,tileGen,0.0040988922119140625
2025-12-22 22:04:56,linkAdj,0.0008308887481689453
2025-12-22 22:04:56,generationCycles,0.10640263557434082
2025-12-22 22:04:56,setTileColors,0.0028171539306640625
2025-12-22 22:04:56,findLandRegionsParallel,0.00023984909057617188
2025-12-22 22:04:56,indexOceansParallel,0.000225067138671875
2025-12-22 22:04:56,assignCoastTiles,5.698204040527344e-05
2025-12-22 22:04:56,createTerritories,0.09822511672973633
2025-12-22 22:04:56,connectHarborsParallel,0.08315873146057129
2025-12-22 22:04:56,workerInit,0.29834604263305664
2025-12-22 22:04:56,dataSerialization,0.0006279945373535156
2025-12-22 22:05:37,retrieveMapData,2.3082830011844635e-05
2025-12-22 22:05:37,tileGen,0.004014015197753906
2025-12-22 22:05:37,linkAdj,0.0007700920104980469
2025-12-22 22:05:37,generationCycles,0.10735630989074707
2025-12-22 22:05:37,setTileColors,0.005244016647338867
2025-12-22 22:05:37,findLandRegionsParallel,0.0003039836883544922
2025-12-22 22:05:37,indexOceansParallel,0.0003352165222167969
2025-12-22 22:05:37,assignCoastTiles,6.4849853515625e-05
2025-12-22 22:05:37,createTerritories,0.05932807922363281
2025-12-22 22:05:37,connectHarborsParallel,0.14115309715270996
2025-12-22 22:05:37,workerInit,0.32148003578186035
2025-12-22 22:05:37,dataSerialization,0.0006573200225830078
2025-12-22 22:15:17,retrieveMapData,1.6209203749895096e-05
2025-12-22 22:15:17,tileGen,0.0044558048248291016
2025-12-22 22:15:17,linkAdj,0.0008502006530761719
2025-12-22 22:15:17,generationCycles,0.10682392120361328
2025-12-22 22:15:17,setTileColors,0.0028769969940185547
2025-12-22 22:15:17,findLandRegionsParallel,0.0002110004425048828
2025-12-22 22:15:17,indexOceansParallel,0.0003190040588378906
2025-12-22 22:15:17,assignCoastTiles,5.888938903808594e-05
2025-12-22 22:15:17,createTerritories,0.0965261459350586
2025-12-22 22:15:17,connectHarborsParallel,0.2485191822052002
2025-12-22 22:15:17,workerInit,0.4636971950531006
2025-12-22 22:15:17,dataSerialization,0.0009391307830810547
2025-12-22 22:17:54,retrieveMapData,1.6250181943178177e-05
2025-12-22 22:17:54,tileGen,0.004024982452392578
2025-12-22 22:17:54,linkAdj,0.0007507801055908203
2025-12-22 22:17:54,generationCycles,0.10263395309448242
2025-12-22 22:17:54,setTileColors,0.0027120113372802734
2025-12-22 22:17:54,findLandRegionsParallel,0.00020313262939453125
2025-12-22 22:17:54,indexOceansParallel,0.00026416778564453125
2025-12-22 22:17:54,assignCoastTiles,5.984306335449219e-05
2025-12-22 22:17:54,createTerritories,0.05035686492919922
2025-12-22 22:17:54,connectHarborsParallel,0.13346004486083984
2025-12-22 22:17:54,workerInit,0.29665112495422363
2025-12-22 22:17:54,dataSerialization,0.0005853176116943359
2025-12-22 22:19:34,retrieveMapData,2.133287489414215e-05
2025-12-22 22:19:34,tileGen,0.03404092788696289
2025-12-22 22:19:34,linkAdj,0.003651142120361328
2025-12-22 22:19:34,generationCycles,0.43514084815979004
2025-12-22 22:19:34,setTileColors,0.01164698600769043
2025-12-22 22:19:34,findLandRegionsParallel,0.0007350444793701172
2025-12-22 22:19:34,indexOceansParallel,0.0011739730834960938
2025-12-22 22:19:34,assignCoastTiles,0.0002510547637939453
2025-12-22 22:19:34,createTerritories,0.12448596954345703
2025-12-22 22:19:34,connectHarborsParallel,0.5702571868896484
2025-12-22 22:19:34,workerInit,1.1839427947998047
2025-12-22 22:19:34,dataSerialization,0.0027098655700683594
2025-12-22 22:22:09,retrieveMapData,1.7374753952026367e-05
2025-12-22 22:22:09,tileGen,0.010319948196411133
2025-12-22 22:22:09,linkAdj,0.002135038375854492
2025-12-22 22:22:09,generationCycles,0.30391812324523926
2025-12-22 22:22:09,setTileColors,0.010771989822387695
2025-12-22 22:22:09,findLandRegionsParallel,0.0006940364837646484
2025-12-22 22:22:09,indexOceansParallel,0.0010123252868652344
2025-12-22 22:22:09,assignCoastTiles,0.00017881393432617188
2025-12-22 22:22:09,createTerritories,0.13207507133483887
2025-12-22 22:22:09,connectHarborsParallel,0.40231990814208984
2025-12-22 22:22:09,workerInit,0.8670580387115479
2025-12-22 22:22:09,dataSerialization,0.0018448829650878906
2025-12-22 22:30:28,retrieveMapData,1.7917249351739883e-05
2025-12-22 22:30:28,tileGen,0.010229110717773438
2025-12-22 22:30:28,linkAdj,0.0020830631256103516
2025-12-22 22:30:28,generationCycles,0.29160118103027344
2025-12-22 22:30:28,setTileColors,0.0077970027923583984
2025-12-22 22:30:28,findLandRegionsParallel,0.0005872249603271484
2025-12-22 22:30:28,indexOceansParallel,0.0007009506225585938
2025-12-22 22:30:28,assignCoastTiles,0.00015115737915039062
2025-12-22 22:30:28,createTerritories,0.11132407188415527
2025-12-22 22:30:28,connectHarborsParallel,0.4674680233001709
2025-12-22 22:30:28,workerInit,0.8948009014129639
2025-12-22 22:30:28,dataSerialization,0.0018229484558105469
2025-12-22 22:31:24,retrieveMapData,1.833401620388031e-05
2025-12-22 22:31:24,tileGen,0.04441404342651367
2025-12-22 22:31:24,linkAdj,0.005460023880004883
2025-12-22 22:31:24,generationCycles,0.7052559852600098
2025-12-22 22:31:24,setTileColors,0.023175954818725586
2025-12-22 22:31:24,findLandRegionsParallel,0.0025260448455810547
2025-12-22 22:31:24,indexOceansParallel,0.0031349658966064453
2025-12-22 22:31:24,assignCoastTiles,0.0012440681457519531
2025-12-22 22:31:24,createTerritories,0.12749218940734863
2025-12-22 22:31:24,connectHarborsParallel,1.1791088581085205
2025-12-22 22:31:24,workerInit,2.107959032058716
2025-12-22 22:31:24,dataSerialization,0.0046231746673583984
2025-12-22 22:34:46,retrieveMapData,1.4416873455047607e-05
2025-12-22 22:34:46,tileGen,0.04140496253967285
2025-12-22 22:34:46,linkAdj,0.0051670074462890625
2025-12-22 22:34:46,generationCycles,0.7276391983032227
2025-12-22 22:34:46,setTileColors,0.020186662673950195
2025-12-22 22:34:46,findLandRegionsParallel,0.0013849735260009766
2025-12-22 22:34:46,indexOceansParallel,0.0021631717681884766
2025-12-22 22:34:46,assignCoastTiles,0.0005109310150146484
2025-12-22 22:34:46,createTerritories,0.16871094703674316
2025-12-22 22:34:46,connectHarborsParallel,1.1186378002166748
2025-12-22 22:34:46,workerInit,2.0900869369506836
2025-12-22 22:34:46,dataSerialization,0.003939151763916016
2025-12-22 22:36:02,retrieveMapData,1.6625039279460907e-05
2025-12-22 22:36:02,tileGen,0.04351377487182617
2025-12-22 22:36:02,linkAdj,0.0049419403076171875
2025-12-22 22:36:02,generationCycles,0.8264648914337158
2025-12-22 22:36:02,setTileColors,0.021358251571655273
2025-12-22 22:36:02,findLandRegionsParallel,0.0013108253479003906
2025-12-22 22:36:02,indexOceansParallel,0.0023300647735595703
2025-12-22 22:36:02,assignCoastTiles,0.0004951953887939453
2025-12-22 22:36:02,createTerritories,0.15628480911254883
2025-12-22 22:36:02,connectHarborsParallel,1.717897891998291
2025-12-22 22:36:02,workerInit,2.7793691158294678
2025-12-22 22:36:02,dataSerialization,0.00499725341796875
2025-12-23 01:15:45,retrieveMapData,2.3334287106990814e-05
2025-12-23 01:15:45,tileGen,0.04468393325805664
2025-12-23 01:15:45,linkAdj,0.00496673583984375
2025-12-23 01:15:45,generationCycles,0.7106449604034424
2025-12-23 01:15:45,setTileColors,0.029088973999023438
2025-12-23 01:15:45,findLandRegionsParallel,0.0021071434020996094
2025-12-23 01:15:45,indexOceansParallel,0.005269050598144531
2025-12-23 01:15:45,assignCoastTiles,0.0012118816375732422
2025-12-23 01:15:45,createTerritories,0.2536129951477051
2025-12-23 01:15:45,connectHarborsParallel,1.079502820968628
2025-12-23 01:15:45,workerInit,2.1358728408813477
2025-12-23 01:15:45,dataSerialization,0.007110118865966797
2025-12-23 01:22:50,retrieveMapData (Error),4.312489181756973e-05
2025-12-23 01:30:23,retrieveMapData (Error),2.77077779173851e-05
2025-12-23 01:32:22,retrieveMapData (Error),3.4667085856199265e-05
2025-12-23 01:37:22,retrieveMapData (Error),2.4875160306692123e-05
2025-12-23 01:37:37,retrieveMapData (Error),3.1665898859500885e-05
2025-12-23 01:40:44,retrieveMapData,1.9875355064868927e-05
2025-12-23 01:40:44,tileGen,0.04526996612548828
2025-12-23 01:40:44,linkAdj,0.005665779113769531
2025-12-23 01:40:44,generationCycles,0.7762680053710938
2025-12-23 01:40:44,setTileColors,0.023422956466674805
2025-12-23 01:40:44,findLandRegionsParallel,0.0016529560089111328
2025-12-23 01:40:44,indexOceansParallel,0.001978158950805664
2025-12-23 01:40:44,assignCoastTiles,0.000431060791015625
2025-12-23 01:40:44,createTerritories,0.14368629455566406
2025-12-23 01:40:44,connectHarborsParallel,1.0050349235534668
2025-12-23 01:40:44,workerInit,2.007220983505249
2025-12-23 01:40:44,dataSerialization,0.006823062896728516
2025-12-23 01:48:06,retrieveMapData,1.904228702187538e-05
2025-12-23 01:48:06,tileGen,0.052694082260131836
2025-12-23 01:48:06,linkAdj,0.005053043365478516
2025-12-23 01:48:06,generationCycles,0.6767709255218506
2025-12-23 01:48:06,setTileColors,0.018756866455078125
2025-12-23 01:48:06,findLandRegionsParallel,0.0012900829315185547
2025-12-23 01:48:06,indexOceansParallel,0.001664876937866211
2025-12-23 01:48:06,assignCoastTiles,0.0005018711090087891
2025-12-23 01:48:06,createTerritories,0.15723538398742676
2025-12-23 01:48:06,connectHarborsParallel,0.9788808822631836
2025-12-23 01:48:06,workerInit,1.8954710960388184
2025-12-23 01:48:06,dataSerialization,0.006588935852050781
2025-12-23 01:49:40,retrieveMapData,1.366669312119484e-05
2025-12-23 01:49:40,tileGen,0.04397416114807129
2025-12-23 01:49:40,linkAdj,0.005179882049560547
2025-12-23 01:49:40,generationCycles,0.7415549755096436
2025-12-23 01:49:40,setTileColors,0.023258209228515625
2025-12-23 01:49:40,findLandRegionsParallel,0.001337289810180664
2025-12-23 01:49:40,indexOceansParallel,0.002192974090576172
2025-12-23 01:49:40,assignCoastTiles,0.0004930496215820312
2025-12-23 01:49:40,createTerritories,0.16847920417785645
2025-12-23 01:49:40,connectHarborsParallel,1.6950631141662598
2025-12-23 01:49:40,workerInit,2.6850671768188477
2025-12-23 01:49:40,dataSerialization,0.0066869258880615234
2025-12-23 02:19:28,retrieveMapData (Error),3.0207913368940353e-05
2025-12-23 02:24:02,retrieveMapData,1.5249941498041153e-05
2025-12-23 02:24:02,tileGen,0.03853964805603027
2025-12-23 02:24:02,linkAdj,0.005277872085571289
2025-12-23 02:24:02,generationCycles,0.6783301830291748
2025-12-23 02:24:02,setTileColors,0.018489837646484375
2025-12-23 02:24:02,findLandRegionsParallel,0.0014190673828125
2025-12-23 02:24:02,indexOceansParallel,0.0020110607147216797
2025-12-23 02:24:02,assignCoastTiles,0.00038909912109375
2025-12-23 02:24:02,createTerritories,0.17816877365112305
2025-12-23 02:24:02,connectHarborsParallel,1.135979175567627
2025-12-23 02:24:02,workerInit,2.061984062194824
2025-12-23 02:24:02,dataSerialization,0.008901834487915039
2025-12-24 09:29:45,retrieveMapData (Error),3.4125056117773056e-05
2025-12-24 09:30:37,retrieveMapData,1.7375219613313675e-05
2025-12-24 09:30:37,tileGen,0.038041114807128906
2025-12-24 09:30:37,linkAdj,0.0046787261962890625
2025-12-24 09:30:37,generationCycles,0.7240180969238281
2025-12-24 09:30:37,setTileColors,0.019796133041381836
2025-12-24 09:30:37,findLandRegionsParallel,0.0014190673828125
2025-12-24 09:30:37,indexOceansParallel,0.0019021034240722656
2025-12-24 09:30:37,assignCoastTiles,0.00046634674072265625
2025-12-24 09:30:37,createTerritories,0.24321269989013672
2025-12-24 09:30:37,connectHarborsParallel,0.9689626693725586
2025-12-24 09:30:37,workerInit,2.0057339668273926
2025-12-24 09:30:37,dataSerialization,0.007544040679931641
2025-12-24 09:43:00,retrieveMapData,1.8499791622161865e-05
2025-12-24 09:43:00,tileGen,0.03727364540100098
2025-12-24 09:43:00,linkAdj,0.00506901741027832
2025-12-24 09:43:00,generationCycles,0.6919240951538086
2025-12-24 09:43:00,setTileColors,0.018518686294555664
2025-12-24 09:43:00,findLandRegionsParallel,0.0013098716735839844
2025-12-24 09:43:00,indexOceansParallel,0.0019381046295166016
2025-12-24 09:43:00,assignCoastTiles,0.0003879070281982422
2025-12-24 09:43:00,createTerritories,0.15512514114379883
2025-12-24 09:43:00,connectHarborsParallel,1.4828579425811768
2025-12-24 09:43:00,workerInit,2.397763967514038
2025-12-24 09:43:00,dataSerialization,0.0038421154022216797
2025-12-24 09:43:00,retrieveMapData (Error),0.07674329075962305
2025-12-24 09:51:12,retrieveMapData (Error),0.6681584590114653
2025-12-24 09:56:23,retrieveMapData,4.020938649773598e-05
2025-12-24 09:56:23,tileGen,0.0362241268157959
2025-12-24 09:56:23,linkAdj,0.005540132522583008
2025-12-24 09:56:23,generationCycles,0.7696042060852051
2025-12-24 09:56:23,setTileColors,0.02682805061340332
2025-12-24 09:56:23,findLandRegionsParallel,0.0013189315795898438
2025-12-24 09:56:23,indexOceansParallel,0.0022008419036865234
2025-12-24 09:56:23,assignCoastTiles,0.0005109310150146484
2025-12-24 09:56:23,createTerritories,0.1781141757965088
2025-12-24 09:56:23,connectHarborsParallel,1.1115140914916992
2025-12-24 09:56:23,workerInit,2.1373701095581055
2025-12-24 09:56:23,dataSerialization,0.01407003402709961
2025-12-24 09:56:23,gfxTotalInit,1.160111904144287
2025-12-24 09:58:08,retrieveMapData,2.1666288375854492e-05
2025-12-24 09:58:08,tileGen,0.042704105377197266
2025-12-24 09:58:08,linkAdj,0.005393266677856445
2025-12-24 09:58:08,generationCycles,0.7622878551483154
2025-12-24 09:58:08,setTileColors,0.01926589012145996
2025-12-24 09:58:08,findLandRegionsParallel,0.0011692047119140625
2025-12-24 09:58:08,indexOceansParallel,0.0023810863494873047
2025-12-24 09:58:08,assignCoastTiles,0.0005152225494384766
2025-12-24 09:58:08,createTerritories,0.16170287132263184
2025-12-24 09:58:08,connectHarborsParallel,0.9898631572723389
2025-12-24 09:58:08,workerInit,1.9878671169281006
2025-12-24 09:58:08,dataSerialization,0.004935264587402344
2025-12-24 09:58:08,gfxTotalInit,1.5088090896606445
2025-12-24 09:58:48,retrieveMapData,2.079131081700325e-05
2025-12-24 09:58:48,tileGen,0.03520083427429199
2025-12-24 09:58:48,linkAdj,0.005343914031982422
2025-12-24 09:58:48,generationCycles,0.7492349147796631
2025-12-24 09:58:48,setTileColors,0.0195159912109375
2025-12-24 09:58:48,findLandRegionsParallel,0.0011069774627685547
2025-12-24 09:58:48,indexOceansParallel,0.0016961097717285156
2025-12-24 09:58:48,assignCoastTiles,0.00040435791015625
2025-12-24 09:58:48,createTerritories,0.16938233375549316
2025-12-24 09:58:48,connectHarborsParallel,1.1860480308532715
2025-12-24 09:58:48,workerInit,2.1704790592193604
2025-12-24 09:58:48,dataSerialization,0.004941701889038086
2025-12-24 09:58:48,gfxTotalInit,1.174973964691162
2025-12-24 09:59:04,retrieveMapData,2.6333145797252655e-05
2025-12-24 09:59:04,tileGen,0.039726972579956055
2025-12-24 09:59:04,linkAdj,0.005004167556762695
2025-12-24 09:59:04,generationCycles,0.7490880489349365
2025-12-24 09:59:04,setTileColors,0.01923203468322754
2025-12-24 09:59:04,findLandRegionsParallel,0.0017118453979492188
2025-12-24 09:59:04,indexOceansParallel,0.002277851104736328
2025-12-24 09:59:04,assignCoastTiles,0.0004436969757080078
2025-12-24 09:59:04,createTerritories,0.17768597602844238
2025-12-24 09:59:04,connectHarborsParallel,0.9856281280517578
2025-12-24 09:59:04,workerInit,1.9837229251861572
2025-12-24 09:59:04,dataSerialization,0.004744052886962891
2025-12-24 09:59:04,gfxTotalInit,1.3583018779754639
2025-12-24 10:05:03,retrieveMapData,3.0166935175657272e-05
2025-12-24 10:05:03,tileGen,0.03949785232543945
2025-12-24 10:05:03,linkAdj,0.005360126495361328
2025-12-24 10:05:03,generationCycles,1.4196321964263916
2025-12-24 10:05:03,setTileColors,0.0613551139831543
2025-12-24 10:05:03,findLandRegionsParallel,0.0026750564575195312
2025-12-24 10:05:03,indexOceansParallel,0.003535747528076172
2025-12-24 10:05:03,assignCoastTiles,0.0010502338409423828
2025-12-24 10:05:03,createTerritories,0.3929762840270996
2025-12-24 10:05:03,connectHarborsParallel,1.6750001907348633
2025-12-24 10:05:03,workerInit,3.6084208488464355
2025-12-24 10:05:03,dataSerialization,0.004728078842163086
2025-12-24 10:05:03,gfxTotalInit,1.1218531131744385
2025-12-24 10:06:26,retrieveMapData,1.941714435815811e-05
2025-12-24 10:06:26,tileGen,0.036717891693115234
2025-12-24 10:06:26,linkAdj,0.004537820816040039
2025-12-24 10:06:26,generationCycles,0.694551944732666
2025-12-24 10:06:26,setTileColors,0.019276142120361328
2025-12-24 10:06:26,findLandRegionsParallel,0.0010018348693847656
2025-12-24 10:06:26,indexOceansParallel,0.0017638206481933594
2025-12-24 10:06:26,assignCoastTiles,0.0004220008850097656
2025-12-24 10:06:26,createTerritories,0.16925597190856934
2025-12-24 10:06:26,connectHarborsParallel,0.9714038372039795
2025-12-24 10:06:26,workerInit,1.9015018939971924
2025-12-24 10:06:26,dataSerialization,0.003659963607788086
2025-12-24 10:06:26,gfxTotalInit,1.1619467735290527
2025-12-24 10:07:17,retrieveMapData,2.1416228264570236e-05
2025-12-24 10:07:17,tileGen,0.008852243423461914
2025-12-24 10:07:17,linkAdj,0.0022590160369873047
2025-12-24 10:07:17,generationCycles,0.31690287590026855
2025-12-24 10:07:17,setTileColors,0.007994890213012695
2025-12-24 10:07:17,findLandRegionsParallel,0.0007350444793701172
2025-12-24 10:07:17,indexOceansParallel,0.0006339550018310547
2025-12-24 10:07:17,assignCoastTiles,0.000202178955078125
2025-12-24 10:07:17,createTerritories,0.0922861099243164
2025-12-24 10:07:17,connectHarborsParallel,0.3869509696960449
2025-12-24 10:07:17,workerInit,0.8192028999328613
2025-12-24 10:07:17,dataSerialization,0.0016293525695800781
2025-12-24 10:07:17,gfxTotalInit,0.6766190528869629
2025-12-24 10:07:54,retrieveMapData,2.2999942302703857e-05
2025-12-24 10:07:54,tileGen,0.008445024490356445
2025-12-24 10:07:54,linkAdj,0.0021581649780273438
2025-12-24 10:07:54,generationCycles,0.32361912727355957
2025-12-24 10:07:54,setTileColors,0.008043050765991211
2025-12-24 10:07:54,findLandRegionsParallel,0.0005118846893310547
2025-12-24 10:07:54,indexOceansParallel,0.0007319450378417969
2025-12-24 10:07:54,assignCoastTiles,0.00017976760864257812
2025-12-24 10:07:54,createTerritories,0.09532499313354492
2025-12-24 10:07:54,connectHarborsParallel,0.4685170650482178
2025-12-24 10:07:54,workerInit,0.9098780155181885
2025-12-24 10:07:54,dataSerialization,0.0013430118560791016
2025-12-24 10:07:54,gfxTotalInit,0.564953088760376
2025-12-24 10:08:53,retrieveMapData,2.233404666185379e-05
2025-12-24 10:08:53,tileGen,0.009418010711669922
2025-12-24 10:08:53,linkAdj,0.0031669139862060547
2025-12-24 10:08:53,generationCycles,0.3068978786468506
2025-12-24 10:08:53,setTileColors,0.008228063583374023
2025-12-24 10:08:53,findLandRegionsParallel,0.0006070137023925781
2025-12-24 10:08:53,indexOceansParallel,0.0007829666137695312
2025-12-24 10:08:53,assignCoastTiles,0.0001437664031982422
2025-12-24 10:08:53,createTerritories,0.09119820594787598
2025-12-24 10:08:53,connectHarborsParallel,0.378831148147583
2025-12-24 10:08:53,workerInit,0.8032419681549072
2025-12-24 10:08:53,dataSerialization,0.0015943050384521484
2025-12-24 10:08:53,gfxTotalInit,0.5923740863800049
2025-12-24 10:09:21,retrieveMapData,2.2999942302703857e-05
2025-12-24 10:09:21,tileGen,0.00855875015258789
2025-12-24 10:09:21,linkAdj,0.0022199153900146484
2025-12-24 10:09:21,generationCycles,0.3276848793029785
2025-12-24 10:09:21,setTileColors,0.008244991302490234
2025-12-24 10:09:21,findLandRegionsParallel,0.0004069805145263672
2025-12-24 10:09:21,indexOceansParallel,0.0009520053863525391
2025-12-24 10:09:21,assignCoastTiles,0.0001590251922607422
2025-12-24 10:09:21,createTerritories,0.08006811141967773
2025-12-24 10:09:21,connectHarborsParallel,0.5413470268249512
2025-12-24 10:09:21,workerInit,0.9722537994384766
2025-12-24 10:09:21,dataSerialization,0.0023610591888427734
2025-12-24 10:09:21,gfxTotalInit,0.3696310520172119
2025-12-24 10:09:40,retrieveMapData,2.4999957531690598e-05
2025-12-24 10:09:40,tileGen,0.03578019142150879
2025-12-24 10:09:40,linkAdj,0.004926919937133789
2025-12-24 10:09:40,generationCycles,0.8214559555053711
2025-12-24 10:09:40,setTileColors,0.024709224700927734
2025-12-24 10:09:40,findLandRegionsParallel,0.0010831356048583984
2025-12-24 10:09:40,indexOceansParallel,0.0018620491027832031
2025-12-24 10:09:40,assignCoastTiles,0.0005030632019042969
2025-12-24 10:09:40,createTerritories,0.18400311470031738
2025-12-24 10:09:40,connectHarborsParallel,1.320617914199829
2025-12-24 10:09:40,workerInit,2.397955894470215
2025-12-24 10:09:40,dataSerialization,0.004233837127685547
2025-12-24 10:09:40,gfxTotalInit,1.0402791500091553
2025-12-24 10:10:31,retrieveMapData,2.4458393454551697e-05
2025-12-24 10:10:31,tileGen,0.03621029853820801
2025-12-24 10:10:31,linkAdj,0.0055201053619384766
2025-12-24 10:10:31,generationCycles,0.7711238861083984
2025-12-24 10:10:31,setTileColors,0.01988983154296875
2025-12-24 10:10:31,findLandRegionsParallel,0.001135110855102539
2025-12-24 10:10:31,indexOceansParallel,0.0024688243865966797
2025-12-24 10:10:31,assignCoastTiles,0.0005028247833251953
2025-12-24 10:10:31,createTerritories,0.15058207511901855
2025-12-24 10:10:31,connectHarborsParallel,1.2577540874481201
2025-12-24 10:10:31,workerInit,2.2483701705932617
2025-12-24 10:10:31,dataSerialization,0.003779172897338867
2025-12-24 10:10:31,gfxTotalInit,1.0290741920471191
2025-12-24 10:11:05,retrieveMapData,2.408307045698166e-05
2025-12-24 10:11:05,tileGen,0.03592324256896973
2025-12-24 10:11:05,linkAdj,0.004930019378662109
2025-12-24 10:11:05,generationCycles,0.7587778568267822
2025-12-24 10:11:05,setTileColors,0.019535064697265625
2025-12-24 10:11:05,findLandRegionsParallel,0.0015299320220947266
2025-12-24 10:11:05,indexOceansParallel,0.002157926559448242
2025-12-24 10:11:05,assignCoastTiles,0.00044226646423339844
2025-12-24 10:11:05,createTerritories,0.15832901000976562
2025-12-24 10:11:05,connectHarborsParallel,0.9815311431884766
2025-12-24 10:11:05,workerInit,1.965813159942627
2025-12-24 10:11:05,dataSerialization,0.0025169849395751953
2025-12-24 10:11:05,gfxTotalInit,1.4097683429718018
2025-12-24 10:12:17,retrieveMapData,3.433367237448692e-05
2025-12-24 10:12:17,tileGen,0.055789947509765625
2025-12-24 10:12:17,linkAdj,0.0051059722900390625
2025-12-24 10:12:17,generationCycles,0.6984193325042725
2025-12-24 10:12:17,setTileColors,0.03005385398864746
2025-12-24 10:12:17,findLandRegionsParallel,0.0032227039337158203
2025-12-24 10:12:17,indexOceansParallel,0.005907773971557617
2025-12-24 10:12:17,assignCoastTiles,0.002051115036010742
2025-12-24 10:12:17,createTerritories,0.17106032371520996
2025-12-24 10:12:17,connectHarborsParallel,1.4269130229949951
2025-12-24 10:12:17,workerInit,2.4057259559631348
2025-12-24 10:12:17,dataSerialization,0.004030942916870117
2025-12-24 10:12:17,gfxTotalInit,1.0580201148986816
2025-12-24 10:12:48,retrieveMapData,2.60830856859684e-05
2025-12-24 10:12:48,tileGen,0.03654789924621582
2025-12-24 10:12:48,linkAdj,0.008157014846801758
2025-12-24 10:12:48,generationCycles,0.7400267124176025
2025-12-24 10:12:48,setTileColors,0.019749879837036133
2025-12-24 10:12:48,findLandRegionsParallel,0.001249074935913086
2025-12-24 10:12:48,indexOceansParallel,0.0016949176788330078
2025-12-24 10:12:48,assignCoastTiles,0.0004000663757324219
2025-12-24 10:12:48,createTerritories,0.14903664588928223
2025-12-24 10:12:48,connectHarborsParallel,0.9904975891113281
2025-12-24 10:12:48,workerInit,1.950258731842041
2025-12-24 10:12:48,dataSerialization,0.003203868865966797
2025-12-24 10:12:48,gfxTotalInit,1.262204885482788
2025-12-24 10:15:06,retrieveMapData,2.11251899600029e-05
2025-12-24 10:15:06,tileGen,0.008458852767944336
2025-12-24 10:15:06,linkAdj,0.0022101402282714844
2025-12-24 10:15:06,generationCycles,0.32683491706848145
2025-12-24 10:15:06,setTileColors,0.008057117462158203
2025-12-24 10:15:06,findLandRegionsParallel,0.000530242919921875
2025-12-24 10:15:06,indexOceansParallel,0.0009238719940185547
2025-12-24 10:15:06,assignCoastTiles,0.00029087066650390625
2025-12-24 10:15:06,createTerritories,0.07679605484008789
2025-12-24 10:15:06,connectHarborsParallel,0.4204068183898926
2025-12-24 10:15:06,workerInit,0.8468265533447266
2025-12-24 10:15:06,dataSerialization,0.0020227432250976562
2025-12-24 10:15:06,gfxTotalInit,0.43108606338500977
2025-12-24 10:18:14,retrieveMapData,3.3624935895204544e-05
2025-12-24 10:18:14,tileGen,0.035140037536621094
2025-12-24 10:18:14,linkAdj,0.004761934280395508
2025-12-24 10:18:14,generationCycles,1.1239681243896484
2025-12-24 10:18:14,setTileColors,0.01986980438232422
2025-12-24 10:18:14,findLandRegionsParallel,0.0008902549743652344
2025-12-24 10:18:14,indexOceansParallel,0.002444744110107422
2025-12-24 10:18:14,assignCoastTiles,0.00041294097900390625
2025-12-24 10:18:14,createTerritories,0.1154170036315918
2025-12-24 10:18:14,connectHarborsParallel,1.0560302734375
2025-12-24 10:18:14,workerInit,2.3626177310943604
2025-12-24 10:18:14,dataSerialization,0.004413127899169922
2025-12-24 10:18:14,gfxTotalInit,0.8067986965179443
2025-12-24 10:19:21,retrieveMapData,2.5792047381401062e-05
2025-12-24 10:19:21,tileGen,0.03487205505371094
2025-12-24 10:19:21,linkAdj,0.004911184310913086
2025-12-24 10:19:21,generationCycles,0.729820966720581
2025-12-24 10:19:21,setTileColors,0.019757986068725586
2025-12-24 10:19:21,findLandRegionsParallel,0.0012810230255126953
2025-12-24 10:19:21,indexOceansParallel,0.0017859935760498047
2025-12-24 10:19:21,assignCoastTiles,0.0004889965057373047
2025-12-24 10:19:21,createTerritories,0.1573171615600586
2025-12-24 10:19:21,connectHarborsParallel,1.1362910270690918
2025-12-24 10:19:21,workerInit,2.089056968688965
2025-12-24 10:19:21,dataSerialization,0.003287076950073242
2025-12-24 10:19:21,gfxTotalInit,1.2267670631408691
2025-12-24 10:20:43,retrieveMapData,2.066744491457939e-05
2025-12-24 10:20:43,tileGen,0.03435492515563965
2025-12-24 10:20:43,linkAdj,0.005636930465698242
2025-12-24 10:20:43,generationCycles,0.7454872131347656
2025-12-24 10:20:43,setTileColors,0.01903390884399414
2025-12-24 10:20:43,findLandRegionsParallel,0.001354217529296875
2025-12-24 10:20:43,indexOceansParallel,0.0016498565673828125
2025-12-24 10:20:43,assignCoastTiles,0.0004737377166748047
2025-12-24 10:20:43,createTerritories,0.15735602378845215
2025-12-24 10:20:43,connectHarborsParallel,1.0502891540527344
2025-12-24 10:20:43,workerInit,2.018742084503174
2025-12-24 10:20:43,dataSerialization,0.003980875015258789
2025-12-24 10:20:43,gfxTotalInit,1.610644817352295
2025-12-24 10:21:13,retrieveMapData,2.3333821445703506e-05
2025-12-24 10:21:13,tileGen,0.0352931022644043
2025-12-24 10:21:13,linkAdj,0.005276203155517578
2025-12-24 10:21:13,generationCycles,0.7046730518341064
2025-12-24 10:21:13,setTileColors,0.03546023368835449
2025-12-24 10:21:13,findLandRegionsParallel,0.0013170242309570312
2025-12-24 10:21:13,indexOceansParallel,0.0017592906951904297
2025-12-24 10:21:13,assignCoastTiles,0.00038504600524902344
2025-12-24 10:21:13,createTerritories,0.17789006233215332
2025-12-24 10:21:13,connectHarborsParallel,0.8495039939880371
2025-12-24 10:21:13,workerInit,1.8154160976409912
2025-12-24 10:21:13,dataSerialization,0.0029251575469970703
2025-12-24 10:21:13,gfxTotalInit,1.3421838283538818
2025-12-24 10:22:04,retrieveMapData,2.3083295673131943e-05
2025-12-24 10:22:04,tileGen,0.06516885757446289
2025-12-24 10:22:04,linkAdj,0.011595010757446289
2025-12-24 10:22:04,generationCycles,0.7253859043121338
2025-12-24 10:22:04,setTileColors,0.019652128219604492
2025-12-24 10:22:04,findLandRegionsParallel,0.0015819072723388672
2025-12-24 10:22:04,indexOceansParallel,0.0014867782592773438
2025-12-24 10:22:04,assignCoastTiles,0.0004019737243652344
2025-12-24 10:22:04,createTerritories,0.2067408561706543
2025-12-24 10:22:04,connectHarborsParallel,0.8960299491882324
2025-12-24 10:22:04,workerInit,1.9313998222351074
2025-12-24 10:22:04,dataSerialization,0.0033910274505615234
2025-12-24 10:22:04,gfxTotalInit,1.5252981185913086
2025-12-24 11:02:41,retrieveMapData,2.433406189084053e-05
2025-12-24 11:02:41,tileGen,0.03870701789855957
2025-12-24 11:02:41,linkAdj,0.004665851593017578
2025-12-24 11:02:41,generationCycles,0.717188835144043
2025-12-24 11:02:41,setTileColors,0.03386497497558594
2025-12-24 11:02:41,findLandRegionsParallel,0.002296924591064453
2025-12-24 11:02:41,indexOceansParallel,0.0056819915771484375
2025-12-24 11:02:41,assignCoastTiles,0.000682830810546875
2025-12-24 11:02:41,createTerritories,0.1358940601348877
2025-12-24 11:02:41,connectHarborsParallel,1.231593132019043
2025-12-24 11:02:41,workerInit,2.175014019012451
2025-12-24 11:02:41,dataSerialization,0.0037822723388671875
2025-12-24 11:02:41,gfxTotalInit,0.9109251499176025
2025-12-24 11:03:28,retrieveMapData,2.3375265300273895e-05
2025-12-24 11:03:28,tileGen,0.03593301773071289
2025-12-24 11:03:28,linkAdj,0.005402803421020508
2025-12-24 11:03:28,generationCycles,0.7414050102233887
2025-12-24 11:03:28,setTileColors,0.019238948822021484
2025-12-24 11:03:28,findLandRegionsParallel,0.0008902549743652344
2025-12-24 11:03:28,indexOceansParallel,0.0020818710327148438
2025-12-24 11:03:28,assignCoastTiles,0.0003859996795654297
2025-12-24 11:03:28,createTerritories,0.1249079704284668
2025-12-24 11:03:28,connectHarborsParallel,1.1923801898956299
2025-12-24 11:03:28,workerInit,2.125596284866333
2025-12-24 11:03:28,dataSerialization,0.0030388832092285156
2025-12-24 11:03:28,gfxTotalInit,0.9758398532867432
2025-12-24 11:13:01,retrieveMapData,2.837507054209709e-05
2025-12-24 11:13:01,tileGen,0.10012435913085938
2025-12-24 11:13:01,linkAdj,0.01487588882446289
2025-12-24 11:13:01,generationCycles,1.4267582893371582
2025-12-24 11:13:01,setTileColors,0.05087590217590332
2025-12-24 11:13:01,findLandRegionsParallel,0.0019390583038330078
2025-12-24 11:13:01,indexOceansParallel,0.0022139549255371094
2025-12-24 11:13:01,assignCoastTiles,0.0012209415435791016
2025-12-24 11:13:01,createTerritories,0.2571380138397217
2025-12-24 11:13:01,connectHarborsParallel,1.6778249740600586
2025-12-24 11:13:01,workerInit,3.540530204772949
2025-12-24 11:13:01,dataSerialization,0.0035610198974609375
2025-12-24 11:13:01,gfxTotalInit,1.1664960384368896
2025-12-24 11:13:01,retrieveMapData,1.979060471057892e-05
2025-12-24 11:13:01,tileGen,0.09755897521972656
2025-12-24 11:13:01,linkAdj,0.011846065521240234
2025-12-24 11:13:01,generationCycles,1.3839738368988037
2025-12-24 11:13:01,setTileColors,0.044571876525878906
2025-12-24 11:13:01,findLandRegionsParallel,0.003342866897583008
2025-12-24 11:13:01,indexOceansParallel,0.006123065948486328
2025-12-24 11:13:01,assignCoastTiles,0.0018360614776611328
2025-12-24 11:13:01,createTerritories,0.279041051864624
2025-12-24 11:13:01,connectHarborsParallel,1.7443592548370361
2025-12-24 11:13:01,workerInit,3.580674886703491
2025-12-24 11:13:01,dataSerialization,0.0029549598693847656
2025-12-24 11:13:01,gfxTotalInit,1.164322853088379
2025-12-24 17:32:10,retrieveMapData (Error),3.3624935895204544e-05
2025-12-24 17:35:09,retrieveMapData,2.9082875698804855e-05
2025-12-24 17:35:09,tileGen,0.05203986167907715
2025-12-24 17:35:09,linkAdj,0.010058879852294922
2025-12-24 17:35:09,generationCycles,1.729015827178955
2025-12-24 17:35:09,setTileColors,0.06369614601135254
2025-12-24 17:35:09,findLandRegionsParallel,0.003063201904296875
2025-12-24 17:35:09,indexOceansParallel,0.00817728042602539
2025-12-24 17:35:09,assignCoastTiles,0.0011219978332519531
2025-12-24 17:35:09,createTerritories,0.6640200614929199
2025-12-24 17:35:09,connectHarborsParallel,2.369997024536133
2025-12-24 17:35:09,workerInit,4.939509153366089
2025-12-24 17:35:09,dataSerialization,0.011827945709228516
2025-12-24 17:35:09,gfxTotalInit,2.964568853378296
2025-12-24 17:36:56,retrieveMapData,2.0166859030723572e-05
2025-12-24 17:36:56,tileGen,0.0035567283630371094
2025-12-24 17:36:56,linkAdj,0.0010428428649902344
2025-12-24 17:36:56,generationCycles,0.12365221977233887
2025-12-24 17:36:56,setTileColors,0.0040318965911865234
2025-12-24 17:36:56,findLandRegionsParallel,0.0003440380096435547
2025-12-24 17:36:56,indexOceansParallel,0.001251220703125
2025-12-24 17:36:56,assignCoastTiles,0.0001399517059326172
2025-12-24 17:36:56,createTerritories,0.057350873947143555
2025-12-24 17:36:56,connectHarborsParallel,0.17709612846374512
2025-12-24 17:36:56,workerInit,0.373291015625
2025-12-24 17:36:56,dataSerialization,0.0009338855743408203
2025-12-24 17:36:56,gfxTotalInit,0.20086002349853516
2025-12-25 00:25:22,retrieveMapData,2.0417384803295135e-05
2025-12-25 00:25:22,tileGen,0.0034210681915283203
2025-12-25 00:25:22,linkAdj,0.0008440017700195312
2025-12-25 00:25:22,generationCycles,0.1178581714630127
2025-12-25 00:25:22,setTileColors,0.003278017044067383
2025-12-25 00:25:22,findLandRegionsParallel,0.0001888275146484375
2025-12-25 00:25:22,indexOceansParallel,0.0003261566162109375
2025-12-25 00:25:22,assignCoastTiles,5.7697296142578125e-05
2025-12-25 00:25:22,createTerritories,0.09660625457763672
2025-12-25 00:25:22,connectHarborsParallel,0.18533086776733398
2025-12-25 00:25:22,workerInit,0.4105961322784424
2025-12-25 00:25:22,dataSerialization,0.0011250972747802734
2025-12-25 00:25:22,gfxTotalInit,0.29377198219299316
2025-12-25 12:02:16,retrieveMapData,2.4124979972839355e-05
2025-12-25 12:02:16,tileGen,0.004412174224853516
2025-12-25 12:02:16,linkAdj,0.001094818115234375
2025-12-25 12:02:16,generationCycles,0.12887001037597656
2025-12-25 12:02:16,setTileColors,0.003223896026611328
2025-12-25 12:02:16,findLandRegionsParallel,0.00014090538024902344
2025-12-25 12:02:16,indexOceansParallel,0.0003337860107421875
2025-12-25 12:02:16,assignCoastTiles,5.1975250244140625e-05
2025-12-25 12:02:16,createTerritories,0.10139584541320801
2025-12-25 12:02:16,connectHarborsParallel,0.09955215454101562
2025-12-25 12:02:16,workerInit,0.3422091007232666
2025-12-25 12:02:16,dataSerialization,0.0012478828430175781
2025-12-25 12:02:16,gfxTotalInit,0.21300721168518066
2025-12-30 12:47:33,retrieveMapData,1.6209203749895096e-05
2025-12-30 12:47:33,tileGen,0.0031070709228515625
2025-12-30 12:47:33,linkAdj,0.0008370876312255859
2025-12-30 12:47:33,generationCycles,0.11001276969909668
2025-12-30 12:47:33,setTileColors,0.002905130386352539
2025-12-30 12:47:33,findLandRegionsParallel,0.0002598762512207031
2025-12-30 12:47:33,indexOceansParallel,0.0002040863037109375
2025-12-30 12:47:33,assignCoastTiles,5.602836608886719e-05
2025-12-30 12:47:33,createTerritories,0.0856788158416748
2025-12-30 12:47:33,connectHarborsParallel,0.15531301498413086
2025-12-30 12:47:33,workerInit,0.36048102378845215
2025-12-30 12:47:33,dataSerialization,0.0013170242309570312
2025-12-30 12:47:33,gfxTotalInit,0.2801532745361328
2025-12-30 13:04:23,retrieveMapData (Error),2.6250258088111877e-05
2025-12-30 13:04:45,retrieveMapData (Error),0.6754432921297848
2025-12-30 13:09:52,retrieveMapData (Error),2.6166904717683792e-05
2025-12-30 13:10:17,retrieveMapData,2.7750153094530106e-05
2025-12-30 13:10:17,tileGen,0.039901018142700195
2025-12-30 13:10:17,linkAdj,0.006489992141723633
2025-12-30 13:10:17,generationCycles,0.8403739929199219
2025-12-30 13:10:17,setTileColors,0.0035970211029052734
2025-12-30 13:10:17,findLandRegionsParallel,0.001497030258178711
2025-12-30 13:10:17,indexOceansParallel,0.0027141571044921875
2025-12-30 13:10:17,assignCoastTiles,0.0006561279296875
2025-12-30 13:10:17,createTerritories,0.2699277400970459
2025-12-30 13:10:17,connectHarborsParallel,1.7808020114898682
2025-12-30 13:10:17,workerInit,2.951767921447754
2025-12-30 13:10:17,dataSerialization,0.011593103408813477
2025-12-30 13:10:17,gfxTotalInit,1.4001002311706543
2025-12-30 13:12:12,retrieveMapData,2.095801755785942e-05
2025-12-30 13:12:12,tileGen,0.03900575637817383
2025-12-30 13:12:12,linkAdj,0.0064508914947509766
2025-12-30 13:12:12,generationCycles,0.8350253105163574
2025-12-30 13:12:12,setTileColors,0.003174304962158203
2025-12-30 13:12:12,indexOceansParallel,0.0020799636840820312
2025-12-30 13:12:12,findLandRegionsParallel,0.0013797283172607422
2025-12-30 13:12:12,assignCoastTiles,0.0004467964172363281
2025-12-30 13:12:12,createTerritories,0.2659931182861328
2025-12-30 13:12:12,connectHarborsParallel,1.5080430507659912
2025-12-30 13:12:12,workerInit,2.665998935699463
2025-12-30 13:12:12,dataSerialization,0.004860877990722656
2025-12-30 13:12:12,gfxTotalInit,1.185497760772705
2025-12-30 13:12:52,retrieveMapData,1.9667204469442368e-05
2025-12-30 13:12:52,tileGen,0.03641700744628906
2025-12-30 13:12:52,linkAdj,0.007357120513916016
2025-12-30 13:12:52,generationCycles,0.8467409610748291
2025-12-30 13:12:52,setTileColors,0.0032057762145996094
2025-12-30 13:12:52,findLandRegionsParallel,0.0013282299041748047
2025-12-30 13:12:52,indexOceansParallel,0.0021059513092041016
2025-12-30 13:12:52,assignCoastTiles,0.0005152225494384766
2025-12-30 13:12:52,createTerritories,0.25656700134277344
2025-12-30 13:12:52,connectHarborsParallel,1.4980809688568115
2025-12-30 13:12:52,workerInit,2.656259059906006
2025-12-30 13:12:52,dataSerialization,0.0033669471740722656
2025-12-30 13:12:52,gfxTotalInit,1.3984918594360352
2025-12-30 13:14:04,retrieveMapData,3.1750183552503586e-05
2025-12-30 13:14:04,tileGen,0.03803205490112305
2025-12-30 13:14:04,linkAdj,0.0068187713623046875
2025-12-30 13:14:04,generationCycles,0.8411779403686523
2025-12-30 13:14:04,setTileColors,0.003172636032104492
2025-12-30 13:14:04,indexOceansParallel,0.002067089080810547
2025-12-30 13:14:04,findLandRegionsParallel,0.001445770263671875
2025-12-30 13:14:04,assignCoastTiles,0.0005419254302978516
2025-12-30 13:14:04,createTerritories,0.2472670078277588
2025-12-30 13:14:04,connectHarborsParallel,1.8501570224761963
2025-12-30 13:14:04,workerInit,3.0047972202301025
2025-12-30 13:14:04,dataSerialization,0.013464212417602539
2025-12-30 13:14:04,gfxTotalInit,1.3001902103424072
2025-12-30 13:40:09,retrieveMapData,1.8165912479162216e-05
2025-12-30 13:40:09,tileGen,0.03584694862365723
2025-12-30 13:40:09,linkAdj,0.005759000778198242
2025-12-30 13:40:09,generationCycles,0.8485722541809082
2025-12-30 13:40:09,setTileColors,0.023272037506103516
2025-12-30 13:40:09,findLandRegionsParallel,0.00146484375
2025-12-30 13:40:09,indexOceansParallel,0.00244903564453125
2025-12-30 13:40:09,assignCoastTiles,0.0005998611450195312
2025-12-30 13:40:09,createTerritories,0.26433491706848145
2025-12-30 13:40:09,connectHarborsParallel,1.2453281879425049
2025-12-30 13:40:09,workerInit,2.4304490089416504
2025-12-30 13:40:09,dataSerialization,0.004235982894897461
2025-12-30 13:40:09,gfxTotalInit,1.2702610492706299
2025-12-30 13:42:25,retrieveMapData,1.8417369574308395e-05
2025-12-30 13:42:25,tileGen,0.037503957748413086
2025-12-30 13:42:25,linkAdj,0.00638890266418457
2025-12-30 13:42:25,generationCycles,0.8499960899353027
2025-12-30 13:42:25,setTileColors,0.02634906768798828
2025-12-30 13:42:25,findLandRegionsParallel,0.0013842582702636719
2025-12-30 13:42:25,indexOceansParallel,0.0023963451385498047
2025-12-30 13:42:25,assignCoastTiles,0.0005970001220703125
2025-12-30 13:42:25,createTerritories,0.2874491214752197
2025-12-30 13:42:25,connectHarborsParallel,1.6796250343322754
2025-12-30 13:42:25,workerInit,2.894531011581421
2025-12-30 13:42:25,dataSerialization,0.004480600357055664
2025-12-30 13:42:25,gfxTotalInit,1.347984790802002
2025-12-30 13:56:10,retrieveMapData,1.6166362911462784e-05
2025-12-30 13:56:10,tileGen,0.03717184066772461
2025-12-30 13:56:10,linkAdj,0.006721973419189453
2025-12-30 13:56:10,generationCycles,0.83536696434021
2025-12-30 13:56:10,setTileColors,0.023797035217285156
2025-12-30 13:56:10,findLandRegionsParallel,0.0017859935760498047
2025-12-30 13:56:10,indexOceansParallel,0.001856088638305664
2025-12-30 13:56:10,assignCoastTiles,0.0004749298095703125
2025-12-30 13:56:10,createTerritories,0.5349822044372559
2025-12-30 13:56:10,connectHarborsParallel,1.164276123046875
2025-12-30 13:56:10,workerInit,2.609255790710449
2025-12-30 13:56:10,dataSerialization,0.005608081817626953
2025-12-30 13:56:10,gfxTotalInit,1.6705820560455322
2025-12-30 13:57:54,retrieveMapData,1.9041821360588074e-05
2025-12-30 13:57:54,tileGen,0.036122798919677734
2025-12-30 13:57:54,linkAdj,0.0066030025482177734
2025-12-30 13:57:54,generationCycles,0.8502202033996582
2025-12-30 13:57:54,setTileColors,0.023270130157470703
2025-12-30 13:57:54,indexOceansParallel,0.0024008750915527344
2025-12-30 13:57:54,findLandRegionsParallel,0.0015268325805664062
2025-12-30 13:57:54,assignCoastTiles,0.0004279613494873047
2025-12-30 13:57:54,createTerritories,0.2496199607849121
2025-12-30 13:57:54,connectHarborsParallel,1.416438102722168
2025-12-30 13:57:54,workerInit,2.589359998703003
2025-12-30 13:57:54,dataSerialization,0.0047070980072021484
2025-12-30 13:57:54,gfxTotalInit,1.4332020282745361
2025-12-30 14:06:30,retrieveMapData,2.0707957446575165e-05
2025-12-30 14:06:30,tileGen,0.03949999809265137
2025-12-30 14:06:30,linkAdj,0.0056591033935546875
2025-12-30 14:06:30,generationCycles,1.0204401016235352
2025-12-30 14:06:30,setTileColors,0.0261380672454834
2025-12-30 14:06:30,indexOceansParallel,0.0015442371368408203
2025-12-30 14:06:30,findLandRegionsParallel,0.002833843231201172
2025-12-30 14:06:30,assignCoastTiles,0.0007538795471191406
2025-12-30 14:06:30,createTerritories,0.4489271640777588
2025-12-30 14:06:30,connectHarborsParallel,0.9817171096801758
2025-12-30 14:06:30,workerInit,2.5306618213653564
2025-12-30 14:06:30,dataSerialization,0.005265951156616211
2025-12-30 14:06:30,gfxTotalInit,1.9895567893981934
2025-12-30 14:07:47,retrieveMapData,1.741712912917137e-05
2025-12-30 14:07:47,tileGen,0.03692483901977539
2025-12-30 14:07:47,linkAdj,0.00676417350769043
2025-12-30 14:07:47,generationCycles,0.8394768238067627
2025-12-30 14:07:47,setTileColors,0.023756980895996094
2025-12-30 14:07:47,indexOceansParallel,0.002034902572631836
2025-12-30 14:07:47,findLandRegionsParallel,0.0014209747314453125
2025-12-30 14:07:47,assignCoastTiles,0.0004248619079589844
2025-12-30 14:07:47,createTerritories,0.2631518840789795
2025-12-30 14:07:47,connectHarborsParallel,1.444892168045044
2025-12-30 14:07:47,workerInit,2.6214537620544434
2025-12-30 14:07:47,dataSerialization,0.003895998001098633
2025-12-30 14:07:47,gfxTotalInit,1.3426659107208252
2025-12-30 14:08:19,retrieveMapData,2.0415987819433212e-05
2025-12-30 14:08:19,tileGen,0.038244009017944336
2025-12-30 14:08:19,linkAdj,0.006353139877319336
2025-12-30 14:08:19,generationCycles,0.9661569595336914
2025-12-30 14:08:19,setTileColors,0.02328777313232422
2025-12-30 14:08:19,indexOceansParallel,0.0022096633911132812
2025-12-30 14:08:19,findLandRegionsParallel,0.0014698505401611328
2025-12-30 14:08:19,assignCoastTiles,0.0005440711975097656
2025-12-30 14:08:19,createTerritories,0.2648952007293701
2025-12-30 14:08:19,connectHarborsParallel,1.3874239921569824
2025-12-30 14:08:19,workerInit,2.693686008453369
2025-12-30 14:08:19,dataSerialization,0.005423069000244141
2025-12-30 14:08:19,gfxTotalInit,1.4014461040496826
2025-12-30 14:09:02,retrieveMapData,2.2875145077705383e-05
2025-12-30 14:09:02,tileGen,0.03838205337524414
2025-12-30 14:09:02,linkAdj,0.006395101547241211
2025-12-30 14:09:02,generationCycles,0.8520898818969727
2025-12-30 14:09:02,setTileColors,0.023487329483032227
2025-12-30 14:09:02,indexOceansParallel,0.0022509098052978516
2025-12-30 14:09:02,findLandRegionsParallel,0.0020360946655273438
2025-12-30 14:09:02,assignCoastTiles,0.0005199909210205078
2025-12-30 14:09:02,createTerritories,0.30297088623046875
2025-12-30 14:09:02,connectHarborsParallel,1.5354540348052979
2025-12-30 14:09:02,workerInit,2.766211748123169
2025-12-30 14:09:02,dataSerialization,0.004957914352416992
2025-12-30 14:09:02,gfxTotalInit,1.5067720413208008
2025-12-30 14:10:28,retrieveMapData,1.6707926988601685e-05
2025-12-30 14:10:28,tileGen,0.03702402114868164
2025-12-30 14:10:28,linkAdj,0.006479024887084961
2025-12-30 14:10:28,generationCycles,0.8536860942840576
2025-12-30 14:10:28,setTileColors,0.022995948791503906
2025-12-30 14:10:28,findLandRegionsParallel,0.0015480518341064453
2025-12-30 14:10:28,indexOceansParallel,0.002330780029296875
2025-12-30 14:10:28,assignCoastTiles,0.0004680156707763672
2025-12-30 14:10:28,createTerritories,0.2590298652648926
2025-12-30 14:10:28,connectHarborsParallel,1.4905190467834473
2025-12-30 14:10:28,workerInit,2.6768510341644287
2025-12-30 14:10:28,dataSerialization,0.0038688182830810547
2025-12-30 14:10:28,gfxTotalInit,1.3729798793792725
2025-12-30 14:31:33,retrieveMapData,2.545909956097603e-05
2025-12-30 14:31:33,tileGen,0.005797863006591797
2025-12-30 14:31:33,linkAdj,0.0016329288482666016
2025-12-30 14:31:33,generationCycles,0.19846200942993164
2025-12-30 14:31:33,setTileColors,0.005729198455810547
2025-12-30 14:31:33,indexOceansParallel,0.0004589557647705078
2025-12-30 14:31:33,findLandRegionsParallel,0.0004031658172607422
2025-12-30 14:31:33,assignCoastTiles,0.00011420249938964844
2025-12-30 14:31:33,createTerritories,0.08708715438842773
2025-12-30 14:31:33,connectHarborsParallel,0.31595897674560547
2025-12-30 14:31:33,workerInit,0.6175200939178467
2025-12-30 14:31:33,dataSerialization,0.0017600059509277344
2025-12-30 14:31:33,gfxTotalInit,0.36324501037597656
2025-12-30 14:31:55,retrieveMapData,1.5709083527326584e-05
2025-12-30 14:31:55,tileGen,0.005714893341064453
2025-12-30 14:31:55,linkAdj,0.0014500617980957031
2025-12-30 14:31:55,generationCycles,0.20374822616577148
2025-12-30 14:31:55,setTileColors,0.005786895751953125
2025-12-30 14:31:55,indexOceansParallel,0.0003681182861328125
2025-12-30 14:31:55,findLandRegionsParallel,0.0004849433898925781
2025-12-30 14:31:55,assignCoastTiles,0.00012183189392089844
2025-12-30 14:31:55,createTerritories,0.10932588577270508
2025-12-30 14:31:55,connectHarborsParallel,0.18541812896728516
2025-12-30 14:31:55,workerInit,0.5144157409667969
2025-12-30 14:31:55,dataSerialization,0.0018320083618164062
2025-12-30 14:31:55,gfxTotalInit,0.542335033416748
2025-12-30 14:33:34,retrieveMapData,2.0291190594434738e-05
2025-12-30 14:33:34,tileGen,0.005972146987915039
2025-12-30 14:33:34,linkAdj,0.0013759136199951172
2025-12-30 14:33:34,generationCycles,0.19968700408935547
2025-12-30 14:33:34,setTileColors,0.00560307502746582
2025-12-30 14:33:34,findLandRegionsParallel,0.0004112720489501953
2025-12-30 14:33:34,indexOceansParallel,0.00040793418884277344
2025-12-30 14:33:34,assignCoastTiles,0.0001342296600341797
2025-12-30 14:33:34,createTerritories,0.09319186210632324
2025-12-30 14:33:34,connectHarborsParallel,0.2774209976196289
2025-12-30 14:33:34,workerInit,0.5861761569976807
2025-12-30 14:33:34,dataSerialization,0.0018067359924316406
2025-12-30 14:33:34,gfxTotalInit,0.413607120513916
2025-12-30 14:34:33,retrieveMapData,1.7916783690452576e-05
2025-12-30 14:34:33,tileGen,0.005416154861450195
2025-12-30 14:34:33,linkAdj,0.0014472007751464844
2025-12-30 14:34:33,generationCycles,0.19829678535461426
2025-12-30 14:34:33,setTileColors,0.005782127380371094
2025-12-30 14:34:33,indexOceansParallel,0.00048089027404785156
2025-12-30 14:34:33,findLandRegionsParallel,0.0003161430358886719
2025-12-30 14:34:33,assignCoastTiles,0.000141143798828125
2025-12-30 14:34:33,createTerritories,0.08353567123413086
2025-12-30 14:34:33,connectHarborsParallel,0.30080509185791016
2025-12-30 14:34:33,workerInit,0.5982091426849365
2025-12-30 14:34:33,dataSerialization,0.0017518997192382812
2025-12-30 14:34:33,gfxTotalInit,0.33924198150634766
2025-12-30 14:36:08,retrieveMapData,1.800013706088066e-05
2025-12-30 14:36:08,tileGen,0.0056591033935546875
2025-12-30 14:36:08,linkAdj,0.0013010501861572266
2025-12-30 14:36:08,generationCycles,0.19788002967834473
2025-12-30 14:36:08,setTileColors,0.005841970443725586
2025-12-30 14:36:08,indexOceansParallel,0.0005061626434326172
2025-12-30 14:36:08,findLandRegionsParallel,0.00028634071350097656
2025-12-30 14:36:08,assignCoastTiles,0.00012493133544921875
2025-12-30 14:36:08,createTerritories,0.07482171058654785
2025-12-30 14:36:08,connectHarborsParallel,0.23946905136108398
2025-12-30 14:36:08,workerInit,0.527799129486084
2025-12-30 14:36:08,dataSerialization,0.0014698505401611328
2025-12-30 14:36:08,gfxTotalInit,0.32197022438049316
2025-12-30 14:37:01,retrieveMapData,1.7459038645029068e-05
2025-12-30 14:37:01,tileGen,0.005891084671020508
2025-12-30 14:37:01,linkAdj,0.0014841556549072266
2025-12-30 14:37:01,generationCycles,0.19734668731689453
2025-12-30 14:37:01,setTileColors,0.0057830810546875
2025-12-30 14:37:01,findLandRegionsParallel,0.0003540515899658203
2025-12-30 14:37:01,indexOceansParallel,0.000469207763671875
2025-12-30 14:37:01,assignCoastTiles,0.00011682510375976562
2025-12-30 14:37:01,createTerritories,0.08274722099304199
2025-12-30 14:37:01,connectHarborsParallel,0.2869439125061035
2025-12-30 14:37:01,workerInit,0.5830259323120117
2025-12-30 14:37:01,dataSerialization,0.0018107891082763672
2025-12-30 14:37:01,gfxTotalInit,0.3905179500579834
2025-12-30 14:45:44,retrieveMapData,1.9667204469442368e-05
2025-12-30 14:45:44,tileGen,0.005845785140991211
2025-12-30 14:45:44,linkAdj,0.0015969276428222656
2025-12-30 14:45:44,generationCycles,0.1994779109954834
2025-12-30 14:45:44,setTileColors,0.00584101676940918
2025-12-30 14:45:44,indexOceansParallel,0.0005171298980712891
2025-12-30 14:45:44,findLandRegionsParallel,0.00029206275939941406
2025-12-30 14:45:44,assignCoastTiles,0.0001010894775390625
2025-12-30 14:45:44,createTerritories,0.08028268814086914
2025-12-30 14:45:44,connectHarborsParallel,0.23826217651367188
2025-12-30 14:45:44,workerInit,0.5341501235961914
2025-12-30 14:45:44,dataSerialization,0.0016770362854003906
2025-12-30 14:45:44,gfxTotalInit,0.33634114265441895
2025-12-30 14:46:40,retrieveMapData,1.837499439716339e-05
2025-12-30 14:46:40,tileGen,0.005750894546508789
2025-12-30 14:46:40,linkAdj,0.0018417835235595703
2025-12-30 14:46:40,generationCycles,0.20000720024108887
2025-12-30 14:46:40,setTileColors,0.0056650638580322266
2025-12-30 14:46:40,indexOceansParallel,0.00045299530029296875
2025-12-30 14:46:40,findLandRegionsParallel,0.0003552436828613281
2025-12-30 14:46:40,assignCoastTiles,0.00010895729064941406
2025-12-30 14:46:40,createTerritories,0.09935998916625977
2025-12-30 14:46:40,connectHarborsParallel,0.18641996383666992
2025-12-30 14:46:40,workerInit,0.5018792152404785
2025-12-30 14:46:40,dataSerialization,0.001470804214477539
2025-12-30 14:46:40,gfxTotalInit,0.40166616439819336
2025-12-30 14:50:18,retrieveMapData,1.9917264580726624e-05
2025-12-30 14:50:18,tileGen,0.005679130554199219
2025-12-30 14:50:18,linkAdj,0.0014748573303222656
2025-12-30 14:50:18,generationCycles,0.19337701797485352
2025-12-30 14:50:18,setTileColors,0.005722761154174805
2025-12-30 14:50:18,findLandRegionsParallel,0.00047206878662109375
2025-12-30 14:50:18,indexOceansParallel,0.0004458427429199219
2025-12-30 14:50:18,assignCoastTiles,0.00011801719665527344
2025-12-30 14:50:18,createTerritories,0.10039806365966797
2025-12-30 14:50:18,connectHarborsParallel,0.2669031620025635
2025-12-30 14:50:18,workerInit,0.5764694213867188
2025-12-30 14:50:18,dataSerialization,0.0019049644470214844
2025-12-30 14:50:18,gfxTotalInit,0.4203460216522217
